{"version":6,"validation":{"int8":{"confusion_matrix":[[12,0,0],[1,8,0],[2,1,1]],"classification_report":{"0":{"precision":0.8,"recall":1,"f1-score":0.888888888888889,"support":12},"1":{"precision":0.8888888888888888,"recall":0.8888888888888888,"f1-score":0.8888888888888888,"support":9},"2":{"precision":1,"recall":0.25,"f1-score":0.4,"support":4},"accuracy":0.84,"macro avg":{"precision":0.8962962962962964,"recall":0.7129629629629629,"f1-score":0.7259259259259259,"support":25},"weighted avg":{"precision":0.8640000000000001,"recall":0.84,"f1-score":0.8106666666666668,"support":25}},"roc_auc":0.959045584045584,"loss":0.3252525048252312,"support":25,"weighted_average":{"precision":0.8640000000000001,"recall":0.84,"f1-score":0.8106666666666668},"class_names":["cat","dog","horse"]},"float32":{"confusion_matrix":[[12,0,0],[1,8,0],[2,1,1]],"classification_report":{"0":{"precision":0.8,"recall":1,"f1-score":0.888888888888889,"support":12},"1":{"precision":0.8888888888888888,"recall":0.8888888888888888,"f1-score":0.8888888888888888,"support":9},"2":{"precision":1,"recall":0.25,"f1-score":0.4,"support":4},"accuracy":0.84,"macro avg":{"precision":0.8962962962962964,"recall":0.7129629629629629,"f1-score":0.7259259259259259,"support":25},"weighted avg":{"precision":0.8640000000000001,"recall":0.84,"f1-score":0.8106666666666668,"support":25}},"roc_auc":0.963013838013838,"loss":0.3285694585643311,"support":25,"weighted_average":{"precision":0.8640000000000001,"recall":0.84,"f1-score":0.8106666666666668},"class_names":["cat","dog","horse"]}},"test":{"float32":{"confusion_matrix":[[8,1,0],[2,1,0],[2,1,0]],"classification_report":{"0":{"precision":0.6666666666666666,"recall":0.8888888888888888,"f1-score":0.761904761904762,"support":9},"1":{"precision":0.3333333333333333,"recall":0.3333333333333333,"f1-score":0.3333333333333333,"support":3},"2":{"precision":0,"recall":0,"f1-score":0,"support":3},"accuracy":0.6,"macro avg":{"precision":0.3333333333333333,"recall":0.4074074074074074,"f1-score":0.3650793650793651,"support":15},"weighted avg":{"precision":0.4666666666666667,"recall":0.6,"f1-score":0.5238095238095238,"support":15}},"roc_auc":0.28086419753086417,"loss":2.849151606017999,"support":15,"weighted_average":{"precision":0.4666666666666667,"recall":0.6,"f1-score":0.5238095238095238},"class_names":["cat","dog","horse"]}}}